java.lang.String	0
java.lang.Object	0
simplejavacalculator.Calculator	0
simplejavacalculator.Calculator$BiOperatorModes	0
simplejavacalculator.UI	0
simplejavacalculator.Calculator$BiOperatorModes[]	0
java.lang.String[]	0
simplejavacalculator.SimpleJavaCalculator	0
simplejavacalculator.BufferedImageCustom	0
javax.swing.JButton[]	0
javax.swing.JButton	0
javax.swing.JPanel	0
java.awt.FlowLayout	0
javax.swing.JTextArea	0
javax.swing.JFrame	0
java.awt.Font	0
new_var_628	1
javax.swing.ImageIcon	10
javax.swing.BoxLayout	10
java.lang.System	10
java.lang.Enum	0
java.awt.event.ActionListener	0
